Training Data,Initiator,Initiator Percentage (%),Anhydride,Epoxy,Repeat Units,Initiator +anhydride+epoxy+[*],Bigsmiles (Initiator +anhydride+epoxy),λex,λem,QY,λex_pred
3632,P(C1=CC=CC=C1)(C2=CC=CC=C2)C3=CC=CC=C3,2.0,O=C(C(C=CC=C1)=C1C2=C3C=CC=C2)OC3=O,CC1CO1,[*]CC(C)OC(=O)C(C=CC=C1)=C1C(C=CC=C2)=C2C(=O)O[*],[P+](c1ccccc1)(c1ccccc1)(c1ccccc1)CC(C)OC(=O)C(C=CC=C1)=C1C(C=CC=C2)=C2C(=O)O[*],[P+](c1ccccc1)(c1ccccc1)(c1ccccc1)CC(C)OC(=O)C(C=CC=C1)=C1C(C=CC=C2)=C2C(=O)O[*],530,590.0,30.0,527.2604462785803
3599,P(C1=CC=CC=C1)(C2=CC=CC=C2)C3=CC=CC=C3,5.0,O=C1OC(C2=C1C=C(C=CC=C3)C3=C2)=O,CC1CO1,[*]CC(C)OC(=O)C(C=C(C=CC=C1)C1=C2)=C2C(=O)O[*],[P+](c1ccccc1)(c1ccccc1)(c1ccccc1)CC(C)OC(=O)C(C=C(C=CC=C1)C1=C2)=C2C(=O)O[*],[P+](c1ccccc1)(c1ccccc1)(c1ccccc1)CC(C)OC(=O)C(C=C(C=CC=C1)C1=C2)=C2C(=O)O[*],540,590.0,27.0,552.8946840121673
11212,P(C1=CC=CC=C1)(C2=CC=CC=C2)C3CCCCC3,4.0,O=C1OC(C(C2=CC=CC=C2)=C1)=O,C1(C2=CC=CC=C2)OC1,[*]CC(C1=CC=CC=C1)OC(=O)/C=C(C2=CC=CC=C2)\C(=O)O[*],[P+](C1CCCCC1)(c1ccccc1)(c1ccccc1)CC(C1=CC=CC=C1)OC(=O)/C=C(C2=CC=CC=C2)\C(=O)O[*],[P+](C1CCCCC1)(c1ccccc1)(c1ccccc1)CC(C1=CC=CC=C1)OC(=O)/C=C(C2=CC=CC=C2)\C(=O)O[*],460,564.0,11.5,418.3057580907421
5233,N#CC(C=CC=C1)=C1P(C2=CC=CC=C2)C3=CC=CC=C3,1.0,O=C(COC1)OC1=O,CC1CO1,[*]CC(C)OC(=O)COCC(=O)O[*],[P+](c1ccccc1)(c1ccccc1)(c1c(C#N)cccc1)CC(C)OC(=O)COCC(=O)O[*],[P+](c1ccccc1)(c1ccccc1)(c1c(C#N)cccc1)CC(C)OC(=O)COCC(=O)O[*],580,680.0,4.8,445.28678855108683
3551,P(C1=CC=CC=C1)(C2=CC=CC=C2)C3=CC=CC=C3,5.0,O=C1OC(C2=C1C=CC(C(C)(C)C)=C2)=O,CC1CO1,[*]CC(C)OC(=O)C(C=CC(C(C)(C)C)=C1)=C1C(=O)O[*],[P+](c1ccccc1)(c1ccccc1)(c1ccccc1)CC(C)OC(=O)C(C=CC(C(C)(C)C)=C1)=C1C(=O)O[*],[P+](c1ccccc1)(c1ccccc1)(c1ccccc1)CC(C)OC(=O)C(C=CC(C(C)(C)C)=C1)=C1C(=O)O[*],540,654.0,21.0,559.3238917742405
11670,O=S([P](C1=CC=CC=C1)(C2=CC=CC=C2)C3=CC=CC=C3)(O[Na])=O,0.5,O=C1OC(C2=C1C=C(C=CC=C3)C3=C2)=O,CC1CO1,[*]CC(C)OC(=O)C(C=C(C=CC=C1)C1=C2)=C2C(=O)O[*],[P+](c1cc(S(=O)(=O)O[Na])ccc1)(c1ccccc1)(c1ccccc1)CC(C)OC(=O)C(C=C(C=CC=C1)C1=C2)=C2C(=O)O[*],,560,616.0,22.0,544.0402315961138
5250,N#CC(C=CC=C1)=C1P(C2=CC=CC=C2)C3=CC=CC=C3,0.5,O=C(C(C=CC=C1)=C1C2=C3C=CC=C2)OC3=O,CC1CO1,[*]CC(C)OC(=O)C(C=CC=C1)=C1C(C=CC=C2)=C2C(=O)O[*],[P+](c1ccccc1)(c1ccccc1)(c1c(C#N)cccc1)CC(C)OC(=O)C(C=CC=C1)=C1C(C=CC=C2)=C2C(=O)O[*],[P+](c1ccccc1)(c1ccccc1)(c1c(C#N)cccc1)CC(C)OC(=O)C(C=CC=C1)=C1C(C=CC=C2)=C2C(=O)O[*],380,470.0,10.0,466.1263762768341
5240,N#CC(C=CC=C1)=C1P(C2=CC=CC=C2)C3=CC=CC=C3,2.0,O=C(CSC1)OC1=O,CC1CO1,[*]CC(C)OC(=O)CSCC(=O)O[*],[P+](c1ccccc1)(c1ccccc1)(c1c(C#N)cccc1)CC(C)OC(=O)CSCC(=O)O[*],[P+](c1ccccc1)(c1ccccc1)(c1c(C#N)cccc1)CC(C)OC(=O)CSCC(=O)O[*],620,712.0,5.8,560.5271814925735
3560,P(C1=CC=CC=C1)(C2=CC=CC=C2)C3=CC=CC=C3,2.0,O=C1OC(C2=C1C=C(F)C=C2)=O,CC1CO1,[*]CC(C)OC(=O)C(C=CC(F)=C1)=C1C(=O)O[*],[P+](c1ccccc1)(c1ccccc1)(c1ccccc1)CC(C)OC(=O)C(C=CC(F)=C1)=C1C(=O)O[*],[P+](c1ccccc1)(c1ccccc1)(c1ccccc1)CC(C)OC(=O)C(C=CC(F)=C1)=C1C(=O)O[*],560,600.0,27.5,537.6602075230344
