Round,Training Data,Type,Initiator,Initiator Percentage (%),Anhydride,Epoxy,Repeat Units,Initiator +anhydride+epoxy+[*],Bigsmiles (Initiator +anhydride+epoxy),λex,λem,QY
training_original,1,training_original,[H]O[H],0.5,O=C(O1)C2CCCCC2C1=O,CC1CO1,[*]CC(C)OC(=O)C1C(CCCC1)C(=O)O[*],OCC(C)OC(=O)C1C(CCCC1)C(=O)O[*],HO{[]CC(C)OC(=O)C1C(CCCC1)C(=O)O[]},380,413.0,2.8
training_original,2,training_original,[H]O[H],0.5,O=C(O1)C=CC1=O,CC1CO1,[*]CC(C)OC(=O)/C=C/C(=O)O[*],OCC(CC)OC(=O)/C=C/C(=O)O[*],HO{[]CC(CC)OC(=O)/C=C/C(=O)O[]},360,440.0,12.7
training_original,3,training_original,[H]O[H],0.5,O=C(OC1=O)C2=C1CCCC2,CC1CO1,[*]CC(C)OC(=O)C1=C(CCCC1)C(=O)O[*],OCC(C)OC(=O)C1=C(CCCC1)C(=O)O[*],HO{[]CC(C)OC(=O)C1=C(CCCC1)C(=O)O[]},400,530.0,37.9
training_original,4,training_original,[H]O[H],0.5,O=C(O1)C2=C(C=CC=C2)C1=O,CC1CO1,[*]CC(C)OC(=O)c1ccccc1C(=O)O[*],OCC(C)OC(=O)c1ccccc1C(=O)O[*],HO{[]CC(C)OC(=O)c1ccccc1C(=O)O[]},340,430.0,0.9
training_original,5,training_original,[H]O[H],0.5,O=C1OC(CC1)=O,O1CC1,[*]CCOC(=O)CCC(=O)O[*],OCCOC(=O)CCC(=O)O[*],HO{[]CCOC(=O)CCC(=O)O[]},360,407.0,3.6
training_original,6,training_original,[H]O[H],0.5,O=C1OC(CC1)=O,CC1CO1,[*]CC(C)OC(=O)CCC(=O)O[*],OCC(C)OC(=O)CCC(=O)O[*],HO{[]CC(C)OC(=O)CCC(=O)O[]},380,452.0,9.2
training_original,7,training_original,[H]O[H],0.5,O=C1OC(CC1)=O,CCC1CO1,[*]CC(CC)OC(=O)CCC(=O)O[*],OCC(CC)OC(=O)CCC(=O)O[*],HO{[]CC(CC)OC(=O)CCC(=O)O[]},380,449.0,20.3
training_original,8,training_original,[H]O[H],0.5,O=C1OC(CC1)=O,CCCC1CO1,[*]CC(CCC)OC(=O)CCC(=O)O[*],OCC(CCC)OC(=O)CCC(=O)O[*],HO{[]CC(CCC)OC(=O)CCC(=O)O[]},380,455.0,14.0
training_original,9,training_original,[H]O[H],0.5,O=C1OC(CC1)=O,CCCCC1CO1,[*]CC(CCCC)OC(=O)CCC(=O)O[*],OCC(CCCC)OC(=O)CCC(=O)O[*],HO{[]CC(CCCC)OC(=O)CCC(=O)O[]},380,455.0,15.3
training_original,10,training_original,[H]O[H],0.5,O=C1OC(CC1)=O,CCCCCCC1CO1,[*]CC(CCCCCC)OC(=O)CCC(=O)O[*],OCC(CCCCCC)OC(=O)CCC(=O)O[*],HO{[]CC(CCCCCC)OC(=O)CCC(=O)O[]},380,453.0,14.9
training_original,11,training_original,[H]O[H],0.5,O=C1OC(C=C1)=O,O1CC1,[*]CCOC(=O)/C=C/C(=O)O[*],OCCOC(=O)/C=C/C(=O)O[*],HO{[]CCOC(=O)/C=C/C(=O)O[]},420,521.0,3.5
training_original,12,training_original,[H]O[H],0.5,O=C1OC(C=C1)=O,CCC1CO1,[*]CC(CC)OC(=O)/C=C/C(=O)O[*],OCC(CC)OC(=O)/C=C/C(=O)O[*],HO{[]CC(CC)OC(=O)/C=C/C(=O)O[]},480,528.0,6.5
training_original,13,training_original,[H]O[H],0.5,O=C1OC(C=C1)=O,CCCC1CO1,[*]CC(CCC)OC(=O)/C=C/C(=O)O[*],OCC(CCC)OC(=O)/C=C/C(=O)O[*],HO{[]CC(CCC)OC(=O)/C=C/C(=O)O[]},480,535.0,12.2
training_original,14,training_original,[H]O[H],0.5,O=C1OC(C=C1)=O,CCCCC1CO1,[*]CC(CCCC)OC(=O)/C=C/C(=O)O[*],OCC(CCCC)OC(=O)/C=C/C(=O)O[*],HO{[]CC(CCCC)OC(=O)/C=C/C(=O)O[]},400,474.0,7.3
training_original,15,training_original,[H]O[H],0.5,O=C1OC(C=C1)=O,CCCCCCC1CO1,[*]CC(CCCCCC)OC(=O)/C=C/C(=O)O[*],OCC(CCCCCC)OC(=O)/C=C/C(=O)O[*],HO{[]CC(CCCCCC)OC(=O)/C=C/C(=O)O[]},480,534.0,6.5
training_original,16,training_original,[H]O[H],0.5,O=C1OC(C=C1)=O,O1CC1,[*]CCOC(=O)/C=C\C(=O)O[*],OCCOC(=O)/C=C\C(=O)O[*],HO{[]CCOC(=O)/C=C\C(=O)O[]},480,534.0,9.2
training_original,17,training_original,[H]O[H],0.5,O=C1OC(C=C1)=O,CC1CO1,[*]CC(C)OC(=O)/C=C\C(=O)O[*],OCC(C)OC(=O)/C=C\C(=O)O[*],HO{[]CC(C)OC(=O)/C=C\C(=O)O[]},420,470.0,12.9
training_original,18,training_original,[H]O[H],0.5,O=C1OC(C=C1)=O,CCC1CO1,[*]CC(CC)OC(=O)/C=C\C(=O)O[*],OCC(CC)OC(=O)/C=C\C(=O)O[*],HO{[]CC(CC)OC(=O)/C=C\C(=O)O[]},480,531.0,18.8
training_original,19,training_original,[H]O[H],0.5,O=C1OC(C=C1)=O,CCCC1CO1,[*]CC(CCC)OC(=O)/C=C\C(=O)O[*],OCC(CCC)OC(=O)/C=C\C(=O)O[*],HO{[]CC(CCC)OC(=O)/C=C\C(=O)O[]},460,526.0,19.0
training_original,20,training_original,[H]O[H],0.5,O=C1OC(C=C1)=O,CCCCC1CO1,[*]CC(CCCC)OC(=O)/C=C\C(=O)O[*],OCC(CCCC)OC(=O)/C=C\C(=O)O[*],HO{[]CC(CCCC)OC(=O)/C=C\C(=O)O[]},480,547.0,9.0
training_original,21,training_original,[H]O[H],0.5,O=C1OC(C=C1)=O,CCCCCCC1CO1,[*]CC(CCCCCC)OC(=O)/C=C\C(=O)O[*],OCC(CCCCCC)OC(=O)/C=C\C(=O)O[*],HO{[]CC(CCCCCC)OC(=O)/C=C\C(=O)O[]},420,491.0,10.0
training_original,22,training_original,[H]O[H],0.5,O=C1OC(C=C1C)=O,O1CC1,[*]CCOC(=O)/C=C(C)\C(=O)O[*],OCCOC(=O)/C=C(C)\C(=O)O[*],HO{[]CCOC(=O)/C=C(C)\C(=O)O[]},480,576.0,4.4
training_original,23,training_original,[H]O[H],0.5,O=C1OC(C=C1C)=O,CC1CO1,[*]CC(C)OC(=O)/C=C(C)\C(=O)O[*],OCC(C)OC(=O)/C=C(C)\C(=O)O[*],HO{[]CC(C)OC(=O)/C=C(C)\C(=O)O[]},480,570.0,6.6
training_original,24,training_original,[H]O[H],0.5,O=C1OC(C=C1C)=O,CCC1CO1,[*]CC(CC)OC(=O)/C=C(C)\C(=O)O[*],OCC(CC)OC(=O)/C=C(C)\C(=O)O[*],HO{[]CC(CC)OC(=O)/C=C(C)\C(=O)O[]},460,558.0,14.1
training_original,25,training_original,[H]O[H],0.5,O=C1OC(C=C1C)=O,CCCC1CO1,[*]CC(CCC)OC(=O)/C=C(C)\C(=O)O[*],OCC(CCC)OC(=O)/C=C(C)\C(=O)O[*],HO{[]CC(CCC)OC(=O)/C=C(C)\C(=O)O[]},420,572.0,18.0
training_original,26,training_original,[H]O[H],0.5,O=C1OC(C=C1C)=O,CCCCC1CO1,[*]CC(CCCC)OC(=O)/C=C(C)\C(=O)O[*],OCC(CCCC)OC(=O)/C=C(C)\C(=O)O[*],HO{[]CC(CCCC)OC(=O)/C=C(C)\C(=O)O[]},480,571.0,15.7
training_original,27,training_original,[H]O[H],0.5,O=C1OC(C=C1C)=O,CCCCCCC1CO1,[*]CC(CCCCCC)OC(=O)/C=C(C)\C(=O)O[*],OCC(CCCCCC)OC(=O)/C=C(C)\C(=O)O[*],HO{[]CC(CCCCCC)OC(=O)/C=C(C)\C(=O)O[]},480,567.0,12.2
training_original,28,training_original,[H]O[H],0.5,O=C1CCCC(O1)=O,CC1CO1,[*]CC(C)OC(=O)CCCC(=O)O[*],OCC(C)OC(=O)CCCC(=O)O[*],HO{[]CC(C)OC(=O)CCCC(=O)O[]},360,470.0,13.2
training_original,29,training_original,[H]O[H],0.5,O=C1COCC(O1)=O,CC1CO1,[*]CC(C)OC(=O)COCC(=O)O[*],OCC(C)OC(=O)COCC(=O)O[*],HO{[]CC(C)OC(=O)COCC(=O)O[]},420,512.0,13.9
training_original,30,training_original,[H]O[H],0.5,O=C1CSCC(O1)=O,CC1CO1,[*]CC(C)OC(=O)CSCC(=O)O[*],OCC(C)OC(=O)CSCC(=O)O[*],HO{[]CC(C)OC(=O)CSCC(=O)O[]},480,657.0,4.0
training_original,31,training_original,CCN(CC)CC,0.5,O=C1CCCC(O1)=O,CC1CO1,[*]CC(C)OC(=O)CCCC(=O)O[*],[N+](CC)(CC)(CC)CC(C)OC(=O)CCCC(=O)O[*],[N+](CC)(CC)CC{[]CC(C)OC(=O)CCCC(=O)O[]},380,471.0,16.0
training_original,32,training_original,CCN(CC)CC,0.5,O=C1COCC(O1)=O,CC1CO1,[*]CC(C)OC(=O)COCC(=O)O[*],[N+](CC)(CC)(CC)CC(C)OC(=O)COCC(=O)O[*],[N+](CC)(CC)CC{[]CC(C)OC(=O)COCC(=O)O[]},420,518.0,7.7
training_original,33,training_original,CCN(CC)CC,0.5,O=C1CN(C)CC(O1)=O,CC1CO1,[*]CC(C)OC(=O)CN(C)CC(=O)O[*],[N+](CC)(CC)(CC)CC(C)OC(=O)CN(C)CC(=O)O[*],[N+](CC)(CC)CC{[]CC(C)OC(=O)CN(C)CC(=O)O[]},440,532.0,5.0
training_original,34,training_original,CCN(CC)CC,0.5,O=C1CSCC(O1)=O,CC1CO1,[*]CC(C)OC(=O)CSCC(=O)O[*],[N+](CC)(CC)(CC)CC(C)OC(=O)CSCC(=O)O[*],[N+](CC)(CC)CC{[]CC(C)OC(=O)CSCC(=O)O[]},480,665.0,2.0
training_original,35,training_original,CCN(CC)CC,0.5,O=C1CSCC(O1)=O,O1CC1,[*]OC(=O)CSCC(=O)OCC[*],[N+](CC)(CC)(CC)CCOC(=O)CSCC(=O)O[*],[N+](CC)(CC)(CC){[]CCOC(=O)CSCC(=O)O[]},500,620.0,1.1
training_original,36,training_original,CCN(CC)CC,0.5,O=C1CSCC(O1)=O,CC1OC1C,[*]OC(=O)CSCC(=O)OC(C)C(C)[*],[N+](CC)(CC)(CC)C(C)C(C)OC(=O)CSCC(=O)O[*],[N+](CC)(CC)(CC){[]C(C)C(C)OC(=O)CSCC(=O)O[]},480,590.0,3.0
training_original,37,training_original,CCN(CC)CC,0.5,O=C1CSCC(O1)=O,O1CCC1,[*]OC(=O)CSCC(=O)OCCC[*],[N+](CC)(CC)(CC)CCCOC(=O)CSCC(=O)O[*],[N+](CC)(CC)(CC){[]CCCOC(=O)CSCC(=O)O[]},500,676.0,0.5
training_original,38,training_original,CCN(CC)CC,0.5,O=C1CSCC(O1)=O,C12CCCCC1O2,[*]OC(=O)CSCC(=O)OC1C(CCCC1)[*],[N+](CC)(CC)(CC)C1C(OC(=O)CSCC(O[*])=O)CCCC1,[N+](CC)(CC)(CC){[]C1C(OC(=O)CSCC(O[])=O)CCCC1},520,635.0,4.0
training_original,39,training_original,CCN(CC)CC,0.5,O=C1CSCC(O1)=O,C1(C2=CC=CC=C2)CO1,[*]OC(=O)CSCC(=O)OC(C1=CC=CC=C1)C[*],[N+](CC)(CC)(CC)CC(OC(=O)CSCC(O[*])=O)c1ccccc1,[N+](CC)(CC)CC{[]C(C1=CC=CC=C1)COC(=O)CSCC(=O)O[]},500,600.0,12.0
training_original,40,training_original,CCN(CC)CC,0.5,O=C(CCC1)SC1=O,CC1CO1,[*]SC(=O)CCCC(=O)OC(C)C[*],[N+](CC)(CC)(CC)CC(OC(=O)CCCC(=O)S[*])C,[N+](CC)(CC)CC{[]CC(OC(=O)CCCC(=O)S[])C},360,470.0,1.0
training_original,41,training_original,[H]O[H],0.5,O=C1CSCC(O1)=O,O1CCC1,[*]OC(=O)CSCC(=O)OCCC[*],OCCCOC(=O)CSCC(=O)O[*],HO{[]CCCOC(=O)CSCC(=O)O[]},500,680.0,0.6
training_original,42,training_original,C12=NCCCN1CCCCC2,0.5,O=C1CSCC(O1)=O,O1CCC1,[*]OC(=O)CSCC(=O)OCCC[*],[N+]1(=C2CCCCCN2CCC1)CCCOC(=O)CSCC(=O)O[*],[N+]1(=C2CCCCCN2CCC1){[]CCCOC(=O)CSCC(=O)O[]},500,670.0,0.4
training_original,43,training_original,CCN(CC)CC,0.5,O=C(CC1)OC1=O,CC1OC1,[*]CC(C)OC(=O)CCC(=O)O[*],[N+](CC)(CC)(CC)CC(C)OC(=O)CCC(=O)O[*],[N+](CC)(CC)(CC){[]CC(C)OC(=O)CCC(=O)O[]},480,550.0,10.4
training_original,44,training_original,CCN(CC)CC,1.0,O=C(CC1)OC1=O,CC1OC1,[*]CC(C)OC(=O)CCC(=O)O[*],[N+](CC)(CC)(CC)CC(C)OC(=O)CCC(=O)O[*],[N+](CC)(CC)(CC){[]CC(C)OC(=O)CCC(=O)O[]},500,585.0,13.0
training_original,45,training_original,CCN(CC)CC,1.5,O=C(CC1)OC1=O,CC1OC1,[*]CC(C)OC(=O)CCC(=O)O[*],[N+](CC)(CC)(CC)CC(C)OC(=O)CCC(=O)O[*],[N+](CC)(CC)(CC){[]CC(C)OC(=O)CCC(=O)O[]},500,597.0,12.2
training_original,46,training_original,CCN(CC)CC,2.0,O=C(CC1)OC1=O,CC1OC1,[*]CC(C)OC(=O)CCC(=O)O[*],[N+](CC)(CC)(CC)CC(C)OC(=O)CCC(=O)O[*],[N+](CC)(CC)(CC){[]CC(C)OC(=O)CCC(=O)O[]},500,591.0,11.6
training_original,47,training_original,CCN(CC)CC,3.0,O=C(CC1)OC1=O,CC1OC1,[*]CC(C)OC(=O)CCC(=O)O[*],[N+](CC)(CC)(CC)CC(C)OC(=O)CCC(=O)O[*],[N+](CC)(CC)(CC){[]CC(C)OC(=O)CCC(=O)O[]},500,594.0,11.7
training_original,48,training_original,CCN(CC)CC,4.0,O=C(CC1)OC1=O,CC1OC1,[*]CC(C)OC(=O)CCC(=O)O[*],[N+](CC)(CC)(CC)CC(C)OC(=O)CCC(=O)O[*],[N+](CC)(CC)(CC){[]CC(C)OC(=O)CCC(=O)O[]},500,592.0,12.8
training_original,49,training_original,CCN(CC)CC,5.0,O=C(CC1)OC1=O,CC1OC1,[*]CC(C)OC(=O)CCC(=O)O[*],[N+](CC)(CC)(CC)CC(C)OC(=O)CCC(=O)O[*],[N+](CC)(CC)(CC){[]CC(C)OC(=O)CCC(=O)O[]},500,598.0,15.8
training_original,50,training_original,C12=NCCCN1CCCCC2,2.0,O=C(CC1)OC1=O,CC1OC1,[*]CC(C)OC(=O)CCC(=O)O[*],[N+]1(=C2CCCCCN2CCC1)CC(C)OC(=O)CCC(=O)O[*],[N+]1(=C2CCCCCN2CCC1){[]CC(C)OC(=O)CCC(=O)O[]},540,605.0,19.4
training_original,51,training_original,CN1C2=NCCCN2CCC1,2.0,O=C(CC1)OC1=O,CC1OC1,[*]CC(C)OC(=O)CCC(=O)O[*],[N+]1(=C(N(C)CCC2)N2CCC1)CC(C)OC(=O)CCC(=O)O[*],[N+]1(=C(N(C)CCC2)N2CCC1){[]CC(C)COC(=O)CCC(=O)O[]},480,590.0,12.8
training_original,52,training_original,C1CNC2=NCCCN2C1,2.0,O=C(CC1)OC1=O,CC1OC1,[*]CC(C)OC(=O)CCC(=O)O[*],[N+]1(=C(NCCC2)N2CCC1)CC(C)OC(=O)CCC(=O)O[*],[N+]1(=C(NCCC2)N2CCC1){[]CC(C)OC(=O)CCC(=O)O[]},500,592.0,8.24
training_original,53,training_original,CCN(CC)CC,0.5,O=C1OC(C=C1C)=O,CC1CO1,[*]CC(C)OC(=O)/C=C(C)\C(=O)O[*],[N+](CC)(CC)(CC)CC(C)OC(=O)/C=C(C)\C(=O)O[*],[N+](CC)(CC)(CC){[]CC(C)OC(=O)/C=C(C)\C(=O)O[]},500,607.0,5.0
training_original,54,training_original,CCN(CC)CC,1.0,O=C1OC(C=C1C)=O,CC1CO1,[*]CC(C)OC(=O)/C=C(C)\C(=O)O[*],[N+](CC)(CC)(CC)CC(C)OC(=O)/C=C(C)\C(=O)O[*],[N+](CC)(CC)(CC){[]CC(C)OC(=O)/C=C(C)\C(=O)O[]},560,613.0,3.8
training_original,55,training_original,CCN(CC)CC,1.5,O=C1OC(C=C1C)=O,CC1CO1,[*]CC(C)OC(=O)/C=C(C)\C(=O)O[*],[N+](CC)(CC)(CC)CC(C)OC(=O)/C=C(C)\C(=O)O[*],[N+](CC)(CC)(CC){[]CC(C)OC(=O)/C=C(C)\C(=O)O[]},520,619.0,2.1
training_original,56,training_original,CCN(CC)CC,2.0,O=C1OC(C=C1C)=O,CC1CO1,[*]CC(C)OC(=O)/C=C(C)\C(=O)O[*],[N+](CC)(CC)(CC)CC(C)OC(=O)/C=C(C)\C(=O)O[*],[N+](CC)(CC)(CC){[]CC(C)OC(=O)/C=C(C)\C(=O)O[]},480,612.0,1.9
training_original,57,training_original,CCN(CC)CC,3.0,O=C1OC(C=C1C)=O,CC1CO1,[*]CC(C)OC(=O)/C=C(C)\C(=O)O[*],[N+](CC)(CC)(CC)CC(C)OC(=O)/C=C(C)\C(=O)O[*],[N+](CC)(CC)(CC){[]CC(C)OC(=O)/C=C(C)\C(=O)O[]},500,613.0,1.2
training_original,58,training_original,CCN(CC)CC,4.0,O=C1OC(C=C1C)=O,CC1CO1,[*]CC(C)OC(=O)/C=C(C)\C(=O)O[*],[N+](CC)(CC)(CC)CC(C)OC(=O)/C=C(C)\C(=O)O[*],[N+](CC)(CC)(CC){[]CC(C)OC(=O)/C=C(C)\C(=O)O[]},580,620.0,1.3
training_original,59,training_original,CCN(CC)CC,5.0,O=C1OC(C=C1C)=O,CC1CO1,[*]CC(C)OC(=O)/C=C(C)\C(=O)O[*],[N+](CC)(CC)(CC)CC(C)OC(=O)/C=C(C)\C(=O)O[*],[N+](CC)(CC)(CC){[]CC(C)OC(=O)/C=C(C)\C(=O)O[]},600,646.0,1.4
training_original,60,training_original,C12=NCCCN1CCCCC2,2.0,O=C1OC(C=C1C)=O,CC1CO1,[*]CC(C)OC(=O)/C=C(C)\C(=O)O[*],[N+]1(=C2CCCCCN2CCC1)CC(C)OC(=O)/C=C(C)\C(=O)O[*],[N+]1(=C2CCCCCN2CCC1){[]CC(C)OC(=O)/C=C(C)\C(=O)O[]},600,654.0,1.0
training_original,61,training_original,CN1C2=NCCCN2CCC1,2.0,O=C1OC(C=C1C)=O,CC1CO1,[*]CC(C)OC(=O)/C=C(C)\C(=O)O[*],[N+]1(=C(NCCC2)N2CCC1)CC(C)OC(=O)/C=C(C)\C(=O)O[*],[N+]1(=C(NCCC2)N2CCC1){[]CC(C)OC(=O)/C=C(C)\C(=O)O[]},560,645.0,1.2
training_original,62,training_original,C1CNC2=NCCCN2C1,2.0,O=C1OC(C=C1C)=O,CC1CO1,[*]CC(C)OC(=O)/C=C(C)\C(=O)O[*],[N+]1(=C(NCCC2)N2CCC1)CC(C)OC(=O)/C=C(C)\C(=O)O[*],[N+]1(=C(NCCC2)N2CCC1){[]CC(C)OC(=O)/C=C(C)\C(=O)O[]},560,627.0,0.6
training_original,63,training_original,C1(P(C2=CC=CC=C2)C3=CC=CC=C3)=CC=CC=C1,0.5,O=C1OC(C2=C1C=CC=C2)=O,CC1CO1,[*]CC(C)OC(=O)C1=C(C=CC=C1)C(=O)O[*],[P+](c1ccccc1)(c1ccccc1)(c1ccccc1)CC(C)OC(=O)C1=C(C=CC=C1)C(=O)O[*],[P+](c1ccccc1)(c1ccccc1)(c1ccccc1){[]CC(C)OC(=O)c1ccccc1C(=O)O[]},540,605.0,32.0
training_original,64,training_original,C1(P(C2=CC=CC=C2)C3=CC=CC=C3)=CC=CC=C1,0.5,O=C1OC(C2=C1C=CC=C2)=O,O1CC1,[*]CCOC(=O)C1=C(C=CC=C1)C(=O)O[*],[P+](c1ccccc1)(c1ccccc1)(c1ccccc1)CCOC(=O)c1ccccc1C(=O)O[*],[P+](c1ccccc1)(c1ccccc1)(c1ccccc1){[]CCOC(=O)c1ccccc1C(=O)O[]},340,543.0,13.2
training_original,65,training_original,C1(P(C2=CC=CC=C2)C3=CC=CC=C3)=CC=CC=C1,0.5,O=C1OC(C2=C1C=CC=C2)=O,CCC1CO1,[*]CC(CC)OC(=O)C1=C(C=CC=C1)C(=O)O[*],[P+](c1ccccc1)(c1ccccc1)(c1ccccc1)CC(CC)OC(=O)c1ccccc1C(=O)O[*],[P+](c1ccccc1)(c1ccccc1)(c1ccccc1){[]CC(CC)OC(=O)c1ccccc1C(=O)O[]},520,552.0,17.4
training_original,66,training_original,C1(P(C2=CC=CC=C2)C3=CC=CC=C3)=CC=CC=C1,0.5,O=C1OC(C2=C1C=CC=C2)=O,CCCC1CO1,[*]CC(CCC)OC(=O)C1=C(C=CC=C1)C(=O)O[*],[P+](c1ccccc1)(c1ccccc1)(c1ccccc1)CC(CCC)OC(=O)c1ccccc1C(=O)O[*],[P+](c1ccccc1)(c1ccccc1)(c1ccccc1){[]CC(CCC)OC(=O)c1ccccc1C(=O)O[]},460,555.0,16.3
training_original,67,training_original,C1(P(C2=CC=CC=C2)C3=CC=CC=C3)=CC=CC=C1,0.5,O=C1OC(C2=C1C=CC=C2)=O,CCCCC1CO1,[*]CC(CCCC)OC(=O)C1=C(C=CC=C1)C(=O)O[*],[P+](c1ccccc1)(c1ccccc1)(c1ccccc1)CC(CCCC)OC(=O)c1ccccc1C(=O)O[*],[P+](c1ccccc1)(c1ccccc1)(c1ccccc1){[]CC(CCCC)OC(=O)c1ccccc1C(=O)O[]},500,559.0,9.5
training_original,68,training_original,C1(P(C2=CC=CC=C2)C3=CC=CC=C3)=CC=CC=C1,0.5,O=C1OC(C2=C1C=CC=C2)=O,CCCCCCC1CO1,[*]CC(CCCCCC)OC(=O)C1=C(C=CC=C1)C(=O)O[*],[P+](c1ccccc1)(c1ccccc1)(c1ccccc1)CC(CCCCCC)OC(=O)c1ccccc1C(=O)O[*],[P+](c1ccccc1)(c1ccccc1)(c1ccccc1){[]CC(CCCCCC)OC(=O)c1ccccc1C(=O)O[]},520,586.0,7.3
training_original,69,training_original,C1(P(C2=CC=CC=C2)C3=CC=CC=C3)=CC=CC=C1,0.5,O=C1OC(C2C1CC=CC2)=O,CC1CO1,[*]CC(C)OC(=O)C1C(CC=CC1)C(=O)O[*],[P+](c1ccccc1)(c1ccccc1)(c1ccccc1)CC(C)OC(=O)C1C(CC=CC1)C(=O)O[*],[P+](c1ccccc1)(c1ccccc1)(c1ccccc1){[]CC(C)OC(=O)C1C(CC=CC1)C(=O)O[]},340,503.0,15.0
training_original,70,training_original,C1(P(C2=CC=CC=C2)C3=CC=CC=C3)=CC=CC=C1,0.5,O=C1OC(C2=C1CCCC2)=O,CC1CO1,[*]CC(C)OC(=O)C1=C(CCCC1)C(=O)O[*],[P+](c1ccccc1)(c1ccccc1)(c1ccccc1)CC(C)OC(=O)C1=C(CCCC1)C(=O)O[*],[P+](c1ccccc1)(c1ccccc1)(c1ccccc1){[]CC(C)OC(=O)C1=C(CCCC1)C(=O)O[]},480,568.0,23.8
training_original,71,training_original,C1(P(C2=CC=CC=C2)C3=CC=CC=C3)=CC=CC=C1,0.5,O=C1OC(C2C1C2)=O,CC1CO1,[*]CC(C)OC(=O)C1C(C1)C(=O)O[*],[P+](c1ccccc1)(c1ccccc1)(c1ccccc1)CC(C)OC(=O)C1C(C1)C(=O)O[*],[P+](c1ccccc1)(c1ccccc1)(c1ccccc1){[]CC(C)OC(=O)C1C(C1)C(=O)O[]},500,589.0,6.0
training_original,72,training_original,CC(C)(C)P(C(C)(C)C)C(C)(C)C,0.5,O=C1OC(C2=C1C=CC=C2)=O,CC1CO1,[*]CC(C)OC(=O)C1=C(C=CC=C1)C(=O)O[*],[P+](C(C)(C)C)(C(C)(C)C)(C(C)(C)C)CC(C)OC(=O)c1ccccc1C(=O)O[*],[P+](C(C)(C)C)(C(C)(C)C)(C(C)(C)C){[]CC(C)OC(=O)c1ccccc1C(=O)O[]},540,662.0,6.6
training_original,73,training_original,CC(C)(C)P(C(C)(C)C)C(C)(C)C,1.0,O=C1OC(C2=C1C=CC=C2)=O,CC1CO1,[*]CC(C)OC(=O)C1=C(C=CC=C1)C(=O)O[*],[P+](C(C)(C)C)(C(C)(C)C)(C(C)(C)C)CC(C)OC(=O)c1ccccc1C(=O)O[*],[P+](C(C)(C)C)(C(C)(C)C)(C(C)(C)C){[]CC(C)OC(=O)c1ccccc1C(=O)O[]},560,658.0,7.6
training_original,74,training_original,CC(C)(C)P(C(C)(C)C)C(C)(C)C,1.5,O=C1OC(C2=C1C=CC=C2)=O,CC1CO1,[*]CC(C)OC(=O)C1=C(C=CC=C1)C(=O)O[*],[P+](C(C)(C)C)(C(C)(C)C)(C(C)(C)C)CC(C)OC(=O)c1ccccc1C(=O)O[*],[P+](C(C)(C)C)(C(C)(C)C)(C(C)(C)C){[]CC(C)OC(=O)c1ccccc1C(=O)O[]},560,662.0,7.5
training_original,75,training_original,CC(C)(C)P(C(C)(C)C)C(C)(C)C,2.0,O=C1OC(C2=C1C=CC=C2)=O,CC1CO1,[*]CC(C)OC(=O)C1=C(C=CC=C1)C(=O)O[*],[P+](C(C)(C)C)(C(C)(C)C)(C(C)(C)C)CC(C)OC(=O)c1ccccc1C(=O)O[*],[P+](C(C)(C)C)(C(C)(C)C)(C(C)(C)C){[]CC(C)OC(=O)c1ccccc1C(=O)O[]},560,663.0,6.5
training_original,76,training_original,CC(C)(C)P(C(C)(C)C)C(C)(C)C,0.5,O=C1OC(C2C1CC=CC2)=O,CC1CO1,[*]CC(C)OC(=O)C1C(CC=CC1)C(=O)O[*],[P+](C(C)(C)C)(C(C)(C)C)(C(C)(C)C)CC(C)OC(=O)C1C(CC=CC1)C(=O)O[*],[P+](C(C)(C)C)(C(C)(C)C)(C(C)(C)C){[]CC(C)OC(=O)C1C(CC=CC1)C(=O)O[]},340,503.0,10.0
training_original,77,training_original,CC(C)(C)P(C(C)(C)C)C(C)(C)C,0.5,O=C1OC(C2=C1CCCC2)=O,CC1CO1,[*]CC(C)OC(=O)C1=C(CCCC1)C(=O)O[*],[P+](C(C)(C)C)(C(C)(C)C)(C(C)(C)C)CC(C)OC(=O)C1=C(CCCC1)C(=O)O[*],[P+](C(C)(C)C)(C(C)(C)C)(C(C)(C)C){[]CC(C)OC(=O)C1=C(CCCC1)C(=O)O[]},560,637.0,18.0
training_original,78,training_original,CC(C)(C)P(C(C)(C)C)C(C)(C)C,0.5,O=C1OC(C2C1C2)=O,CC1CO1,[*]CC(C)OC(=O)C1C(C1)C(=O)O[*],[P+](C(C)(C)C)(C(C)(C)C)(C(C)(C)C)CC(C)OC(=O)C1C(C1)C(=O)O[*],[P+](C(C)(C)C)(C(C)(C)C)(C(C)(C)C){[]CC(C)OC(=O)C1C(C1)C(=O)O[]},540,596.0,3.0
training_original,79,training_original,CCCCP(CCCC)CCCC,0.5,O=C1OC(C2=C1C=CC=C2)=O,CC1CO1,[*]CC(C)OC(=O)C1=C(C=CC=C1)C(=O)O[*],[P+](CCCC)(CCCC)(CCCC)CC(C)OC(=O)c1ccccc1C(=O)O[*],[P+](CCCC)(CCCC)(CCCC){[]CC(C)OC(=O)c1ccccc1C(=O)O[]},360,495.0,6.0
training_original,80,training_original,P(C1CCCCC1)(C2CCCCC2)C3CCCCC3,0.5,O=C1OC(C2=C1C=CC=C2)=O,CC1CO1,[*]CC(C)OC(=O)C1=C(C=CC=C1)C(=O)O[*],[P+](C1CCCCC1)(C1CCCCC1)(C1CCCCC1)CC(C)OC(=O)c1ccccc1C(=O)O[*],[P+](C1CCCCC1)(C1CCCCC1)(C1CCCCC1){[]CC(C)OC(=O)c1ccccc1C(=O)O[]},540,572.0,14.0
training_original,81,training_original,C1(P(C2=CC=CC=C2)C3=CC=CC=C3)=CC=CC=C1,1.0,O=C1OC(C2=C1C=CC=C2)=O,CC1CO1,[*]CC(C)OC(=O)C1=C(C=CC=C1)C(=O)O[*],[P+](c1ccccc1)(c1ccccc1)(c1ccccc1)CC(C)OC(=O)C1=C(C=CC=C1)C(=O)O[*],[P+](c1ccccc1)(c1ccccc1)(c1ccccc1){[]CC(C)OC(=O)c1ccccc1C(=O)O[]},580,628.0,26.0
training_original,82,training_original,C1(P(C2=CC=CC=C2)C3=CC=CC=C3)=CC=CC=C1,1.25,O=C1OC(C2=C1C=CC=C2)=O,CC1CO1,[*]CC(C)OC(=O)C1=C(C=CC=C1)C(=O)O[*],[P+](c1ccccc1)(c1ccccc1)(c1ccccc1)CC(C)OC(=O)C1=C(C=CC=C1)C(=O)O[*],[P+](c1ccccc1)(c1ccccc1)(c1ccccc1){[]CC(C)OC(=O)c1ccccc1C(=O)O[]},560,648.0,23.0
training_original,83,training_original,C1(P(C2=CC=CC=C2)C3=CC=CC=C3)=CC=CC=C1,1.5,O=C1OC(C2=C1C=CC=C2)=O,CC1CO1,[*]CC(C)OC(=O)C1=C(C=CC=C1)C(=O)O[*],[P+](c1ccccc1)(c1ccccc1)(c1ccccc1)CC(C)OC(=O)C1=C(C=CC=C1)C(=O)O[*],[P+](c1ccccc1)(c1ccccc1)(c1ccccc1){[]CC(C)OC(=O)c1ccccc1C(=O)O[]},560,654.0,18.0
training_original,84,training_original,C1(P(C2=CC=CC=C2)C3=CC=CC=C3)=CC=CC=C1,2.0,O=C1OC(C2=C1C=CC=C2)=O,CC1CO1,[*]CC(C)OC(=O)C1=C(C=CC=C1)C(=O)O[*],[P+](c1ccccc1)(c1ccccc1)(c1ccccc1)CC(C)OC(=O)C1=C(C=CC=C1)C(=O)O[*],[P+](c1ccccc1)(c1ccccc1)(c1ccccc1){[]CC(C)OC(=O)c1ccccc1C(=O)O[]},560,644.0,16.0
training_original,85,training_original,CCN(CC)CC,0.5,O=C1OC(C2=C1C=CC=C2)=O,CC1CO1,[*]CC(C)OC(=O)C1=C(C=CC=C1)C(=O)O[*],[N+](CC)(CC)(CC)CC(C)OC(=O)c1ccccc1C(=O)O[*],[N+](CC)(CC)(CC){[]CC(C)OC(=O)c1ccccc1C(=O)O[]},380,434.0,1.2
training_original,86,training_original,CCN(CC)CC,0.5,O=C1OC(C2C1CC=CC2)=O,CC1CO1,[*]CC(C)OC(=O)C1C(CC=CC1)C(=O)O[*],[N+](CC)(CC)(CC)CC(C)OC(=O)C1C(CC=CC1)C(=O)O[*],[N+](CC)(CC)(CC){[]CC(C)OC(=O)C1C(CC=CC1)C(=O)O[]},360,438.0,15.0
training_original,87,training_original,CCN(CC)CC,0.5,O=C1OC(C2=C1CCCC2)=O,CC1CO1,[*]CC(C)OC(=O)C1=C(CCCC1)C(=O)O[*],[N+](CC)(CC)(CC)CC(C)OC(=O)C1=C(CCCC1)C(=O)O[*],[N+](CC)(CC)(CC){[]CC(C)OC(=O)C1=C(CCCC1)C(=O)O[]},420,500.0,20.0
training_original,88,training_original,CCN(CC)CC,0.5,O=C1OC(C2C1C2)=O,CC1CO1,[*]CC(C)OC(=O)C1C(C1)C(=O)O[*],[N+](CC)(CC)(CC)CC(C)OC(=O)C1C(C1)C(=O)O[*],[N+](CC)(CC)(CC){[]CC(C)OC(=O)C1C(C1)C(=O)O[]},380,456.0,9.0
training_original,89,training_original,[H]O[H],0.5,O=C1OC(C2=C1C=CC=C2)=O,O1CC1,[*]CCOC(=O)C1=C(C=CC=C1)C(=O)O[*],OCCOC(=O)C1=C(C=CC=C1)C(=O)O[*],HO{[]CCOC(=O)C1=C(C=CC=C1)C(=O)O[]},380,444.0,1.8
training_original,90,training_original,[H]O[H],0.5,O=C1OC(C2=C1C=CC=C2)=O,CCC1CO1,[*]CC(CC)OC(=O)C1=C(C=CC=C1)C(=O)O[*],OCC(CC)OC(=O)C1=C(C=CC=C1)C(=O)O[*],HO{[]CC(CC)OC(=O)C1=C(C=CC=C1)C(=O)O[]},360,448.0,2.0
training_original,91,training_original,[H]O[H],0.5,O=C1OC(C2=C1C=CC=C2)=O,CCCC1CO1,[*]CC(CCC)OC(=O)C1=C(C=CC=C1)C(=O)O[*],OCC(CCC)OC(=O)C1=C(C=CC=C1)C(=O)O[*],HO{[]CC(CCC)OC(=O)C1=C(C=CC=C1)C(=O)O[]},400,470.0,5.2
training_original,92,training_original,[H]O[H],0.5,O=C1OC(C2=C1C=CC=C2)=O,CCCCC1CO1,[*]CC(CCCC)OC(=O)C1=C(C=CC=C1)C(=O)O[*],OCC(CCCC)OC(=O)C1=C(C=CC=C1)C(=O)O[*],{[]CC(CCCC)OC(=O)C1=C(C=CC=C1)C(=O)O[]},400,450.0,3.6
training_original,93,training_original,[H]O[H],0.5,O=C1OC(C2=C1C=CC=C2)=O,CCCCCCC1CO1,[*]CC(CCCCCC)OC(=O)C1=C(C=CC=C1)C(=O)O[*],OCC(CCCCCC)OC(=O)C1=C(C=CC=C1)C(=O)O[*],HO{[]CC(CCCCCC)OC(=O)C1=C(C=CC=C1)C(=O)O[]},340,441.0,2.0
training_original,94,training_original,[H]O[H],0.5,O=C1OC(C2C1CC=CC2)=O,CC1CO1,[*]CC(C)OC(=O)C1C(CC=CC1)C(=O)O[*],OCC(C)OC(=O)C1C(CC=CC1)C(=O)O[*],HO[]CC(C)OC(=O)C1C(CC=CC1)C(=O)O[]},360,454.0,15.0
training_original,95,training_original,[H]O[H],0.5,O=C1OC(C2C1C2)=O,CC1CO1,[*]CC(C)OC(=O)C1C(C1)C(=O)O[*],OCC(C)OC(=O)C1C(C1)C(=O)O[*],HO{[]CC(C)OC(=O)C1C(C1)C(=O)O[]},400,435.0,9.0
R1,288,training_add,CCN(CC)CC,0.5,O=C1OC(C2C1CC=CC2)=O,CC1CO1,[*]CC(C)OC(=O)C(CC=CC1)C1C(=O)O[*],[N+](CC)(CC)(CC)CC(C)OC(=O)C(CC=CC1)C1C(=O)O[*],,360,400.0,1.6
R1,3569,training_add,P(C1=CC=CC=C1)(C2=CC=CC=C2)C3=CC=CC=C3,5.0,O=C1OC(C2=C1C=CC(C#CC3=CC=CC=C3)=C2)=O,CC1CO1,[*]CC(C)OC(=O)C(C=CC(C#CC1=CC=CC=C1)=C2)=C2C(=O)O[*],[P+](c1ccccc1)(c1ccccc1)(c1ccccc1)CC(C)OC(=O)C(C=CC(C#CC1=CC=CC=C1)=C2)=C2C(=O)O[*],,580,614.0,15.0
R1,3606,training_add,P(C1=CC=CC=C1)(C2=CC=CC=C2)C3=CC=CC=C3,0.5,O=C(CCC1)OC1=O,CC1CO1,[*]CC(C)OC(=O)CCCC(=O)O[*],[P+](c1ccccc1)(c1ccccc1)(c1ccccc1)CC(C)OC(=O)CCCC(=O)O[*],,520,576.0,12.8
R1,3612,training_add,P(C1=CC=CC=C1)(C2=CC=CC=C2)C3=CC=CC=C3,0.5,O=C(COC1)OC1=O,CC1CO1,[*]CC(C)OC(=O)COCC(=O)O[*],[P+](c1ccccc1)(c1ccccc1)(c1ccccc1)CC(C)OC(=O)COCC(=O)O[*],,460,540.0,5.0
R1,4747,training_add,P(C1=CC=CC=C1)(C2=CC=CC=C2)C3=CC=CC=C3,1.0,O=C1OC(C2C1C3C=CC2C3)=O,C1(C2=CC=CC=C2)OC1,[*]CC(C1=CC=CC=C1)OC(=O)C(C2C=CC3C2)C3C(=O)O[*],[P+](c1ccccc1)(c1ccccc1)(c1ccccc1)CC(C1=CC=CC=C1)OC(=O)C(C2C=CC3C2)C3C(=O)O[*],,400,516.0,8.7
R1,5112,training_add,N#CC(C=CC=C1)=C1P(C2=CC=CC=C2)C3=CC=CC=C3,0.5,O=C1OC(C(C2=CC=CC=C2)=C1)=O,CC1CO1,[*]CC(C)OC(=O)/C=C(C1=CC=CC=C1)\C(=O)O[*],[P+](c1ccccc1)(c1ccccc1)(c1c(C#N)cccc1)CC(C)OC(=O)/C=C(C1=CC=CC=C1)\C(=O)O[*],,480,596.0,5.0
R1,5140,training_add,N#CC(C=CC=C1)=C1P(C2=CC=CC=C2)C3=CC=CC=C3,4.0,O=C1OC(C2=C1C(C)=CC=C2)=O,CC1CO1,[*]CC(C)OC(=O)C(C=CC=C1C)=C1C(=O)O[*],[P+](c1ccccc1)(c1ccccc1)(c1c(C#N)cccc1)CC(C)OC(=O)C(C=CC=C1C)=C1C(=O)O[*],,580,650.0,4.6
R1,5184,training_add,N#CC(C=CC=C1)=C1P(C2=CC=CC=C2)C3=CC=CC=C3,0.5,O=C1OC(C2=C1C=CC(C#CC3=CC=CC=C3)=C2)=O,CC1CO1,[*]CC(C)OC(=O)C(C=CC(C#CC1=CC=CC=C1)=C2)=C2C(=O)O[*],[P+](c1ccccc1)(c1ccccc1)(c1c(C#N)cccc1)CC(C)OC(=O)C(C=CC(C#CC1=CC=CC=C1)=C2)=C2C(=O)O[*],,440,514.0,6.0
R1,8329,training_add,CC(C)(C)P(C(C)(C)C)C(C)(C)C,1.0,O=C1OC(C2C1C3C=CC2C3)=O,CC1CO1,[*]CC(C)OC(=O)C(C1C=CC2C1)C2C(=O)O[*],[P+](C(C)(C)C)(C(C)(C)C)(C(C)(C)C)CC(C)OC(=O)C(C1C=CC2C1)C2C(=O)O[*],,460,528.0,4.1
R1,8471,training_add,CC(C)(C)P(C(C)(C)C)C(C)(C)C,5.0,O=C(C(C=CC=C1)=C1C2=C3C=CC=C2)OC3=O,CC1CO1,[*]CC(C)OC(=O)C(C=CC=C1)=C1C(C=CC=C2)=C2C(=O)O[*],[P+](C(C)(C)C)(C(C)(C)C)(C(C)(C)C)CC(C)OC(=O)C(C=CC=C1)=C1C(C=CC=C2)=C2C(=O)O[*],,520,580.0,12.0
R1,10860,training_add,P(C1=CC=CC=C1)(C2=CC=CC=C2)C3CCCCC3,0.5,O=C1OC(C2=C1CCCC2)=O,ClCC1OC1,[*]CC(CCl)OC(=O)C(CCCC1)=C1C(=O)O[*],[P+](C1CCCCC1)(c1ccccc1)(c1ccccc1)CC(CCl)OC(=O)C(CCCC1)=C1C(=O)O[*],,420,530.0,6.4
R1,11638,training_add,O=S([P](C1=CC=CC=C1)(C2=CC=CC=C2)C3=CC=CC=C3)(O[Na])=O,4.0,O=C1OC(C2=C1C=C(F)C=C2)=O,CC1CO1,[*]CC(C)OC(=O)C(C=CC(F)=C1)=C1C(=O)O[*],[P+](c1cc(S(=O)(=O)O[Na])ccc1)(c1ccccc1)(c1ccccc1)CC(C)OC(=O)C(C=CC(F)=C1)=C1C(=O)O[*],,540,600.0,16.0
R2,1,training_add,[H]O[H],0.5,O=C1OC(C2C1CC2)=O,CC1CO1,[*]CC(C)OC(=O)C(CC1)C1C(=O)O[*],OCC(C)OC(=O)C(CC1)C1C(=O)O[*],,380,470.0,6.0
R2,2981,training_add,C12=NCCCN1CCCCC2,5.0,O=C1OC(C(C2=CC=CC=C2)=C1)=O,FC(F)(F)C1OC1,[*]CC(C(F)(F)F)OC(=O)/C=C(C1=CC=CC=C1)\C(=O)O[*],[N+]1(=C2CCCCCN2CCC1)CC(C(F)(F)F)OC(=O)/C=C(C1=CC=CC=C1)\C(=O)O[*],,540,622.0,1.0
R2,3160,training_add,C12=NCCCN1CCCCC2,4.0,O=C1OC(C(C2=CC=CC=C2)=C1)=O,C1(C2=CC=CC=C2)OC1,[*]CC(C1=CC=CC=C1)OC(=O)/C=C(C2=CC=CC=C2)\C(=O)O[*],[N+]1(=C2CCCCCN2CCC1)CC(C1=CC=CC=C1)OC(=O)/C=C(C2=CC=CC=C2)\C(=O)O[*],,380,480.0,1.0
R2,5772,training_add,N#CC(C=CC=C1)=C1P(C2=CC=CC=C2)C3=CC=CC=C3,0.5,O=C(COC1)OC1=O,CCCCC1CO1,[*]CC(CCCC)OC(=O)COCC(=O)O[*],[P+](c1ccccc1)(c1ccccc1)(c1c(C#N)cccc1)CC(CCC)OC(=O)COCC(=O)O[*],,380,480.0,36.1
R2,8194,training_add,P(C1CCCCC1)(C2CCCCC2)C3CCCCC3,4.0,O=C1OC(C2=C1C=CC=C2F)=O,C1(C[o]CC2=CC=CC=C2)OC1,[*]CC(COCC1=CC=CC=C1)OC(=O)C(C=CC=C2F)=C2C(=O)O[*],[P+](C1CCCCC1)(C1CCCCC1)(C1CCCCC1)CC(COCC1=CC=CC=C1)OC(=O)C(C=CC=C2F)=C2C(=O)O[*],,360,440.0,29.0
R2,8459,training_add,CC(C)(C)P(C(C)(C)C)C(C)(C)C,5.0,O=C(CSC1)OC1=O,CC1CO1,[*]CC(C)OC(=O)CSCC(=O)O[*],[P+](C(C)(C)C)(C(C)(C)C)(C(C)(C)C)CC(C)OC(=O)CSCC(=O)O[*],,620,700.0,5.2
R2,3493,training_add,P(C1=CC=CC=C1)(C2=CC=CC=C2)C3=CC=CC=C3,1.0,O=C1OC(C2C1C3C=CC2C3)=O,CC1CO1,[*]CC(C)OC(=O)C(C1C=CC2C1)C2C(=O)O[*],[P+](c1ccccc1)(c1ccccc1)(c1ccccc1)CC(C)OC(=O)C(C1C=CC2C1)C2C(=O)O[*],,530,610.0,15.6
R2,6498,training_add,N#CC(C=CC=C1)=C1P(C2=CC=CC=C2)C3=CC=CC=C3,0.5,O=C(CSC1)OC1=O,C1(C2=CC=CC=C2)OC1,[*]CC(C1=CC=CC=C1)OC(=O)CSCC(=O)O[*],[P+](c1ccccc1)(c1ccccc1)(c1c(C#N)cccc1)CC(C1=CC=CC=C1)OC(=O)CSCC(=O)O[*],,480,600.0,8.3
R2,6702,training_add,P(C1CCCCC1)(C2CCCCC2)C3CCCCC3,0.5,O=C1OC(C2C1CC2)=O,CC1CO1,[*]CC(C)OC(=O)C(CC1)C1C(=O)O[*],[P+](C1CCCCC1)(C1CCCCC1)(C1CCCCC1)CC(C)OC(=O)C(CC1)C1C(=O)O[*],,470,534.0,11.6
R2,9962,training_add,P(C1=CC=CC=C1)(C2=CC=CC=C2)C3CCCCC3,2.0,O=C1OC(C2=C1CCCC2)=O,CC1CO1,[*]CC(C)OC(=O)C(CCCC1)=C1C(=O)O[*],[P+](C1CCCCC1)(c1ccccc1)(c1ccccc1)CC(C)OC(=O)C(CCCC1)=C1C(=O)O[*],,400,514.0,4.9
R2,8435,training_add,CC(C)(C)P(C(C)(C)C)C(C)(C)C,5.0,O=C1OC(C2=C1C=C(C=CC=C3)C3=C2)=O,CC1CO1,[*]CC(C)OC(=O)C(C=C(C=CC=C1)C1=C2)=C2C(=O)O[*],[P+](C(C)(C)C)(C(C)(C)C)(C(C)(C)C)CC(C)OC(=O)C(C=C(C=CC=C1)C1=C2)=C2C(=O)O[*],,560,656.0,14.0
R2,4083,training_add,P(C1=CC=CC=C1)(C2=CC=CC=C2)C3=CC=CC=C3,3.0,O=C1OC(C2=C1C=C(OC)C(OC)=C2)=O,CCCCC1CO1,[*]CC(CCCC)OC(=O)C(C=C(OC)C(OC)=C1)=C1C(=O)O[*],[P+](c1ccccc1)(c1ccccc1)(c1ccccc1)CC(CCCC)OC(=O)C(C=C(OC)C(OC)=C1)=C1C(=O)O[*],,540,626.0,12.2
R3,1903,training_add,C12=NCCCN1CCCCC2,1.0,O=C1OC(C(C2=CC=CC=C2)=C1)=O,CC1CO1,[*]CC(C)OC(=O)/C=C(C1=CC=CC=C1)\C(=O)O[*],[N+]1(=C2CCCCCN2CCC1)CC(C)OC(=O)/C=C(C1=CC=CC=C1)\C(=O)O[*],,400,504.0,3.5
R3,3521,training_add,P(C1=CC=CC=C1)(C2=CC=CC=C2)C3=CC=CC=C3,5.0,O=C1OC(C2=C1C(C)=CC=C2)=O,CC1CO1,[*]CC(C)OC(=O)C(C=CC=C1C)=C1C(=O)O[*],[P+](c1ccccc1)(c1ccccc1)(c1ccccc1)CC(C)OC(=O)C(C=CC=C1C)=C1C(=O)O[*],,540,640.0,15.5
R3,3527,training_add,P(C1=CC=CC=C1)(C2=CC=CC=C2)C3=CC=CC=C3,5.0,O=C1OC(C2=C1C=C(C)C=C2)=O,CC1CO1,[*]CC(C)OC(=O)C(C=CC(C)=C1)=C1C(=O)O[*],[P+](c1ccccc1)(c1ccccc1)(c1ccccc1)CC(C)OC(=O)C(C=CC(C)=C1)=C1C(=O)O[*],,540,656.0,16.5
R3,3624,training_add,P(C1=CC=CC=C1)(C2=CC=CC=C2)C3=CC=CC=C3,0.5,O=C(C1=CC=CC=C1C2)OC2=O,CC1CO1,[*]CC(C)OC(=O)CC(C=CC=C1)=C1C(=O)O[*],[P+](c1ccccc1)(c1ccccc1)(c1ccccc1)CC(C)OC(=O)CC(C=CC=C1)=C1C(=O)O[*],,400,540.0,7.2
R3,4819,training_add,P(C1=CC=CC=C1)(C2=CC=CC=C2)C3=CC=CC=C3,1.0,O=C1OC(C2=C1C=C(F)C=C2)=O,C1(C2=CC=CC=C2)OC1,[*]CC(C1=CC=CC=C1)OC(=O)C(C=CC(F)=C2)=C2C(=O)O[*],[P+](c1ccccc1)(c1ccccc1)(c1ccccc1)CC(C1=CC=CC=C1)OC(=O)C(C=CC(F)=C2)=C2C(=O)O[*],,400,460.0,13.5
R3,5208,training_add,N#CC(C=CC=C1)=C1P(C2=CC=CC=C2)C3=CC=CC=C3,0.5,O=C1OC(C2=C1C=CN=C2)=O,CC1CO1,[*]CC(C)OC(=O)C(C=CN=C1)=C1C(=O)O[*],[P+](c1ccccc1)(c1ccccc1)(c1c(C#N)cccc1)CC(C)OC(=O)C(C=CN=C1)=C1C(=O)O[*],,460,650.0,0.6
R3,5952,training_add,N#CC(C=CC=C1)=C1P(C2=CC=CC=C2)C3=CC=CC=C3,0.5,O=C(COC1)OC1=O,CCCCCCC1CO1,[*]CC(CCCCCC)OC(=O)COCC(=O)O[*],[P+](c1ccccc1)(c1ccccc1)(c1c(C#N)cccc1)CC(CCCCCC)OC(=O)COCC(=O)O[*],,380,490.0,25.0
R3,6696,training_add,P(C1CCCCC1)(C2CCCCC2)C3CCCCC3,0.5,O=C1OC(C2C1C2)=O,CC1CO1,[*]CC(C)OC(=O)C(C1)C1C(=O)O[*],[P+](C1CCCCC1)(C1CCCCC1)(C1CCCCC1)CC(C)OC(=O)C(C1)C1C(=O)O[*],,400,462.0,7.3
R3,7915,training_add,P(C1CCCCC1)(C2CCCCC2)C3CCCCC3,1.0,O=C1OC(C2=C1C=C(C=CC=C3)C3=C2)=O,FC(F)(F)C1OC1,[*]CC(C(F)(F)F)OC(=O)C(C=C(C=CC=C1)C1=C2)=C2C(=O)O[*],[P+](C1CCCCC1)(C1CCCCC1)(C1CCCCC1)CC(C(F)(F)F)OC(=O)C(C=C(C=CC=C1)C1=C2)=C2C(=O)O[*],,260,400.0,9.8
R3,8350,training_add,CC(C)(C)P(C(C)(C)C)C(C)(C)C,4.0,O=C1OC(C2=C1C=CC=C2F)=O,CC1CO1,[*]CC(C)OC(=O)C(C=CC=C1F)=C1C(=O)O[*],[P+](C(C)(C)C)(C(C)(C)C)(C(C)(C)C)CC(C)OC(=O)C(C=CC=C1F)=C1C(=O)O[*],,540,590.0,7.5
R3,8448,training_add,CC(C)(C)P(C(C)(C)C)C(C)(C)C,0.5,O=C(COC1)OC1=O,CC1CO1,[*]CC(C)OC(=O)COCC(=O)O[*],[P+](C(C)(C)C)(C(C)(C)C)(C(C)(C)C)CC(C)OC(=O)COCC(=O)O[*],,500,556.0,7.0
R3,11688,training_add,O=S([P](C1=CC=CC=C1)(C2=CC=CC=C2)C3=CC=CC=C3)(O[Na])=O,0.5,O=C(COC1)OC1=O,CC1CO1,[*]CC(C)OC(=O)COCC(=O)O[*],[P+](c1cc(S(=O)(=O)O[Na])ccc1)(c1ccccc1)(c1ccccc1)CC(C)OC(=O)COCC(=O)O[*],,440,532.0,6.0
final_target,3632,,P(C1=CC=CC=C1)(C2=CC=CC=C2)C3=CC=CC=C3,2.0,O=C(C(C=CC=C1)=C1C2=C3C=CC=C2)OC3=O,CC1CO1,[*]CC(C)OC(=O)C(C=CC=C1)=C1C(C=CC=C2)=C2C(=O)O[*],[P+](c1ccccc1)(c1ccccc1)(c1ccccc1)CC(C)OC(=O)C(C=CC=C1)=C1C(C=CC=C2)=C2C(=O)O[*],[P+](c1ccccc1)(c1ccccc1)(c1ccccc1)CC(C)OC(=O)C(C=CC=C1)=C1C(C=CC=C2)=C2C(=O)O[*],530,590.0,30.0
final_target,3599,,P(C1=CC=CC=C1)(C2=CC=CC=C2)C3=CC=CC=C3,5.0,O=C1OC(C2=C1C=C(C=CC=C3)C3=C2)=O,CC1CO1,[*]CC(C)OC(=O)C(C=C(C=CC=C1)C1=C2)=C2C(=O)O[*],[P+](c1ccccc1)(c1ccccc1)(c1ccccc1)CC(C)OC(=O)C(C=C(C=CC=C1)C1=C2)=C2C(=O)O[*],[P+](c1ccccc1)(c1ccccc1)(c1ccccc1)CC(C)OC(=O)C(C=C(C=CC=C1)C1=C2)=C2C(=O)O[*],540,590.0,27.0
final_target,11212,,P(C1=CC=CC=C1)(C2=CC=CC=C2)C3CCCCC3,4.0,O=C1OC(C(C2=CC=CC=C2)=C1)=O,C1(C2=CC=CC=C2)OC1,[*]CC(C1=CC=CC=C1)OC(=O)/C=C(C2=CC=CC=C2)\C(=O)O[*],[P+](C1CCCCC1)(c1ccccc1)(c1ccccc1)CC(C1=CC=CC=C1)OC(=O)/C=C(C2=CC=CC=C2)\C(=O)O[*],[P+](C1CCCCC1)(c1ccccc1)(c1ccccc1)CC(C1=CC=CC=C1)OC(=O)/C=C(C2=CC=CC=C2)\C(=O)O[*],460,564.0,11.5
final_target,5233,,N#CC(C=CC=C1)=C1P(C2=CC=CC=C2)C3=CC=CC=C3,1.0,O=C(COC1)OC1=O,CC1CO1,[*]CC(C)OC(=O)COCC(=O)O[*],[P+](c1ccccc1)(c1ccccc1)(c1c(C#N)cccc1)CC(C)OC(=O)COCC(=O)O[*],[P+](c1ccccc1)(c1ccccc1)(c1c(C#N)cccc1)CC(C)OC(=O)COCC(=O)O[*],580,680.0,4.8
final_target,3551,,P(C1=CC=CC=C1)(C2=CC=CC=C2)C3=CC=CC=C3,5.0,O=C1OC(C2=C1C=CC(C(C)(C)C)=C2)=O,CC1CO1,[*]CC(C)OC(=O)C(C=CC(C(C)(C)C)=C1)=C1C(=O)O[*],[P+](c1ccccc1)(c1ccccc1)(c1ccccc1)CC(C)OC(=O)C(C=CC(C(C)(C)C)=C1)=C1C(=O)O[*],[P+](c1ccccc1)(c1ccccc1)(c1ccccc1)CC(C)OC(=O)C(C=CC(C(C)(C)C)=C1)=C1C(=O)O[*],540,654.0,21.0
final_target,11670,,O=S([P](C1=CC=CC=C1)(C2=CC=CC=C2)C3=CC=CC=C3)(O[Na])=O,0.5,O=C1OC(C2=C1C=C(C=CC=C3)C3=C2)=O,CC1CO1,[*]CC(C)OC(=O)C(C=C(C=CC=C1)C1=C2)=C2C(=O)O[*],[P+](c1cc(S(=O)(=O)O[Na])ccc1)(c1ccccc1)(c1ccccc1)CC(C)OC(=O)C(C=C(C=CC=C1)C1=C2)=C2C(=O)O[*],,560,616.0,22.0
final_target,5250,,N#CC(C=CC=C1)=C1P(C2=CC=CC=C2)C3=CC=CC=C3,0.5,O=C(C(C=CC=C1)=C1C2=C3C=CC=C2)OC3=O,CC1CO1,[*]CC(C)OC(=O)C(C=CC=C1)=C1C(C=CC=C2)=C2C(=O)O[*],[P+](c1ccccc1)(c1ccccc1)(c1c(C#N)cccc1)CC(C)OC(=O)C(C=CC=C1)=C1C(C=CC=C2)=C2C(=O)O[*],[P+](c1ccccc1)(c1ccccc1)(c1c(C#N)cccc1)CC(C)OC(=O)C(C=CC=C1)=C1C(C=CC=C2)=C2C(=O)O[*],380,470.0,10.0
final_target,5240,,N#CC(C=CC=C1)=C1P(C2=CC=CC=C2)C3=CC=CC=C3,2.0,O=C(CSC1)OC1=O,CC1CO1,[*]CC(C)OC(=O)CSCC(=O)O[*],[P+](c1ccccc1)(c1ccccc1)(c1c(C#N)cccc1)CC(C)OC(=O)CSCC(=O)O[*],[P+](c1ccccc1)(c1ccccc1)(c1c(C#N)cccc1)CC(C)OC(=O)CSCC(=O)O[*],620,712.0,5.8
final_target,3560,,P(C1=CC=CC=C1)(C2=CC=CC=C2)C3=CC=CC=C3,2.0,O=C1OC(C2=C1C=C(F)C=C2)=O,CC1CO1,[*]CC(C)OC(=O)C(C=CC(F)=C1)=C1C(=O)O[*],[P+](c1ccccc1)(c1ccccc1)(c1ccccc1)CC(C)OC(=O)C(C=CC(F)=C1)=C1C(=O)O[*],[P+](c1ccccc1)(c1ccccc1)(c1ccccc1)CC(C)OC(=O)C(C=CC(F)=C1)=C1C(=O)O[*],560,600.0,27.5
